<?xml version="1.0" encoding="utf-8"?>
<?xml-stylesheet type='text/xsl' href='ConversionLogFile.xsl'?>
<LogFile projectName="1200送粉器3.0-- 2017.09.29_V14" typeText="类型" messageText="消息" timeText="时间">
  <MessageCell ServiceId="80" MessageId="30" MessageClass="Information" Timestamp="10/23 星期一 10:11:30">
    <Number ServiceNumber="80" MessageNumber="30" />
    <Text FeedbackText="已开始升级" />
    <Help HelpId="-1" />
  </MessageCell>
  <MessageCell ServiceId="80" MessageId="30" MessageClass="Information" Timestamp="10/23 星期一 10:11:30">
    <Number ServiceNumber="80" MessageNumber="30" />
    <Text FeedbackText="读取之前项目/库的信息。" />
    <Help HelpId="-1" />
  </MessageCell>
  <MessageCell ServiceId="80" MessageId="30" MessageClass="Information" Timestamp="10/23 星期一 10:11:33">
    <Number ServiceNumber="80" MessageNumber="30" />
    <Text FeedbackText="新建项目/库。" />
    <Help HelpId="-1" />
  </MessageCell>
  <MessageCell ServiceId="80" MessageId="30" MessageClass="Information" Timestamp="10/23 星期一 10:11:58">
    <Number ServiceNumber="80" MessageNumber="30" />
    <Text FeedbackText="导出项目/库数据。" />
    <Help HelpId="-1" />
  </MessageCell>
  <Details ServiceId="80" MessageId="30" Timestamp="10/23 星期一 10:12:16" Debug="false">
    <Text />
  </Details>
  <MessageCell ServiceId="80" MessageId="30" MessageClass="Information" Timestamp="10/23 星期一 10:12:16">
    <Number ServiceNumber="80" MessageNumber="30" />
    <Text FeedbackText="将数据导入新项目/库。" />
    <Help HelpId="-1" />
  </MessageCell>
  <Details ServiceId="80" MessageId="30" Timestamp="10/23 星期一 10:13:00" Debug="false">
    <Text />
  </Details>
  <Details ServiceId="80" MessageId="30" Timestamp="10/23 星期一 10:13:10" Debug="false">
    <Text>Reorganization succeed!</Text>
  </Details>
  <MessageCell ServiceId="80" MessageId="30" MessageClass="Information" Timestamp="10/23 星期一 10:13:13">
    <Number ServiceNumber="80" MessageNumber="30" />
    <Text FeedbackText="CheckRepair lost+found objects" />
    <Help HelpId="-1" />
  </MessageCell>
  <Details ServiceId="80" MessageId="30" Timestamp="10/23 星期一 10:13:13" Debug="false">
    <Text>No lost+found object is detected.</Text>
  </Details>
  <MessageCell ServiceId="80" MessageId="30" MessageClass="Information" Timestamp="10/23 星期一 10:13:14">
    <Number ServiceNumber="80" MessageNumber="30" />
    <Text FeedbackText="将数据导入新项目/库。" />
    <Help HelpId="-1" />
  </MessageCell>
  <MessageCell ServiceId="80" MessageId="30" MessageClass="Information" Timestamp="10/23 星期一 10:13:29">
    <Number ServiceNumber="80" MessageNumber="30" />
    <Text FeedbackText="项目或库将进行一致性和完整性检测并进行修复。" />
    <Help HelpId="-1" />
  </MessageCell>
  <MessageCell ServiceId="80" MessageId="30" MessageClass="Information" Timestamp="10/23 星期一 10:13:35">
    <Number ServiceNumber="80" MessageNumber="30" />
    <Text FeedbackText="更新新项目/库。" />
    <Help HelpId="-1" />
  </MessageCell>
  <MessageCell ServiceId="80" MessageId="30" MessageClass="Information" Timestamp="10/23 星期一 10:13:45">
    <Number ServiceNumber="80" MessageNumber="30" />
    <Text FeedbackText="更新新项目/库。" />
    <Help HelpId="-1" />
  </MessageCell>
  <Details ServiceId="80" MessageId="30" Timestamp="10/23 星期一 10:14:45" Debug="false">
    <Text>HmiConvert: Started conversion section.</Text>
  </Details>
  <Details ServiceId="80" MessageId="30" Timestamp="10/23 星期一 10:14:45" Debug="false">
    <Text>HmiConvert: Starting conversion step &lt;Siemens.Simatic.Hmi.GraphX.Controls.Managers.Scan:Siemens.Simatic.Hmi.Utah.GraphX.Controls.ProDiagPhaseConverter.ConvertProperties&gt;.</Text>
  </Details>
  <Details ServiceId="80" MessageId="30" Timestamp="10/23 星期一 10:14:45" Debug="false">
    <Text>HmiConvert: Finished conversion step &lt;Siemens.Simatic.Hmi.GraphX.Controls.Managers.Scan:Siemens.Simatic.Hmi.Utah.GraphX.Controls.ProDiagPhaseConverter.ConvertProperties&gt;.</Text>
  </Details>
  <Details ServiceId="80" MessageId="30" Timestamp="10/23 星期一 10:14:45" Debug="false">
    <Text>HmiConvert: Starting conversion step &lt;Siemens.Simatic.Hmi.Globalization.Managers.Scan:Siemens.Simatic.Hmi.Utah.Globalization.TextCategoryConvert.CreateNewTextCategoriesV14&gt;.</Text>
  </Details>
  <Details ServiceId="80" MessageId="30" Timestamp="10/23 星期一 10:14:53" Debug="false">
    <Text>HmiConvert: Finished conversion step &lt;Siemens.Simatic.Hmi.Globalization.Managers.Scan:Siemens.Simatic.Hmi.Utah.Globalization.TextCategoryConvert.CreateNewTextCategoriesV14&gt;.</Text>
  </Details>
  <Details ServiceId="80" MessageId="30" Timestamp="10/23 星期一 10:14:53" Debug="false">
    <Text>HmiConvert: Starting conversion step &lt;Siemens.Simatic.Hmi.Globalization.Managers.Scan:Siemens.Simatic.Hmi.Utah.Globalization.FontConvert.UpdateFontListNames&gt;.</Text>
  </Details>
  <Details ServiceId="80" MessageId="30" Timestamp="10/23 星期一 10:14:54" Debug="false">
    <Text>HmiConvert: Finished conversion step &lt;Siemens.Simatic.Hmi.Globalization.Managers.Scan:Siemens.Simatic.Hmi.Utah.Globalization.FontConvert.UpdateFontListNames&gt;.</Text>
  </Details>
  <Details ServiceId="80" MessageId="30" Timestamp="10/23 星期一 10:14:54" Debug="false">
    <Text>HmiConvert: Starting conversion step &lt;Siemens.Simatic.Hmi.ScreenModules.Managers.Scan:Siemens.Simatic.Hmi.Utah.Modules.ScreenModules.PhaseConverter.RepairFaceplateTypesAndInstances&gt;.</Text>
  </Details>
  <Details ServiceId="80" MessageId="30" Timestamp="10/23 星期一 10:14:54" Debug="false">
    <Text>HmiConvert: Finished conversion step &lt;Siemens.Simatic.Hmi.ScreenModules.Managers.Scan:Siemens.Simatic.Hmi.Utah.Modules.ScreenModules.PhaseConverter.RepairFaceplateTypesAndInstances&gt;.</Text>
  </Details>
  <Details ServiceId="80" MessageId="30" Timestamp="10/23 星期一 10:14:54" Debug="false">
    <Text>HmiConvert: Starting conversion step &lt;Siemens.Simatic.Hmi.Device.DeviceManagers.Scan:Siemens.Simatic.Hmi.Utah.Device.Upgrade.DeviceConverter.ConvertHmiDeviceToV14&gt;.</Text>
  </Details>
  <Details ServiceId="80" MessageId="30" Timestamp="10/23 星期一 10:14:57" Debug="false">
    <Text>HmiConvert: Finished conversion step &lt;Siemens.Simatic.Hmi.Device.DeviceManagers.Scan:Siemens.Simatic.Hmi.Utah.Device.Upgrade.DeviceConverter.ConvertHmiDeviceToV14&gt;.</Text>
  </Details>
  <Details ServiceId="80" MessageId="30" Timestamp="10/23 星期一 10:14:57" Debug="false">
    <Text>HmiConvert: Starting conversion step &lt;Siemens.Simatic.Hmi.Globalization.Managers.Scan:Siemens.Simatic.Hmi.Utah.Globalization.FontConvert.RepairMissingDefaultFontList&gt;.</Text>
  </Details>
  <Details ServiceId="80" MessageId="30" Timestamp="10/23 星期一 10:14:57" Debug="false">
    <Text>HmiConvert: Finished conversion step &lt;Siemens.Simatic.Hmi.Globalization.Managers.Scan:Siemens.Simatic.Hmi.Utah.Globalization.FontConvert.RepairMissingDefaultFontList&gt;.</Text>
  </Details>
  <Details ServiceId="80" MessageId="30" Timestamp="10/23 星期一 10:14:57" Debug="false">
    <Text>HmiConvert: Starting conversion step &lt;Siemens.Simatic.Hmi.Globalization.Managers.Scan:Siemens.Simatic.Hmi.Utah.Globalization.FontConvert.ClenUpTRefFontLists&gt;.</Text>
  </Details>
  <Details ServiceId="80" MessageId="30" Timestamp="10/23 星期一 10:14:57" Debug="false">
    <Text>HmiConvert: Finished conversion step &lt;Siemens.Simatic.Hmi.Globalization.Managers.Scan:Siemens.Simatic.Hmi.Utah.Globalization.FontConvert.ClenUpTRefFontLists&gt;.</Text>
  </Details>
  <Details ServiceId="80" MessageId="30" Timestamp="10/23 星期一 10:14:57" Debug="false">
    <Text>HmiConvert: Starting conversion step &lt;Siemens.Simatic.Hmi.GraphX.GraphXManagers.Scan:Siemens.Simatic.Hmi.Utah.GraphX.PhaseConverter.ConvertTRefs&gt;.</Text>
  </Details>
  <Details ServiceId="80" MessageId="30" Timestamp="10/23 星期一 10:14:57" Debug="false">
    <Text>HmiConvert: Finished conversion step &lt;Siemens.Simatic.Hmi.GraphX.GraphXManagers.Scan:Siemens.Simatic.Hmi.Utah.GraphX.PhaseConverter.ConvertTRefs&gt;.</Text>
  </Details>
  <Details ServiceId="80" MessageId="30" Timestamp="10/23 星期一 10:14:57" Debug="false">
    <Text>HmiConvert: Starting conversion step &lt;Siemens.Simatic.Hmi.Alarm.Managers.Scan:Siemens.Simatic.Hmi.Utah.Alarm.AlarmDataConverter.ConvertAlarmStuff&gt;.</Text>
  </Details>
  <Details ServiceId="80" MessageId="30" Timestamp="10/23 星期一 10:14:57" Debug="false">
    <Text>HmiConvert: Finished conversion step &lt;Siemens.Simatic.Hmi.Alarm.Managers.Scan:Siemens.Simatic.Hmi.Utah.Alarm.AlarmDataConverter.ConvertAlarmStuff&gt;.</Text>
  </Details>
  <Details ServiceId="80" MessageId="30" Timestamp="10/23 星期一 10:14:57" Debug="false">
    <Text>HmiConvert: Starting conversion step &lt;Siemens.Simatic.Hmi.Scripting.Managers.Scan:Siemens.Simatic.Hmi.Utah.Scripting.FunctionListConverter.ConvertFunctionList&gt;.</Text>
  </Details>
  <Details ServiceId="80" MessageId="30" Timestamp="10/23 星期一 10:14:57" Debug="false">
    <Text>HmiConvert: Finished conversion step &lt;Siemens.Simatic.Hmi.Scripting.Managers.Scan:Siemens.Simatic.Hmi.Utah.Scripting.FunctionListConverter.ConvertFunctionList&gt;.</Text>
  </Details>
  <Details ServiceId="80" MessageId="30" Timestamp="10/23 星期一 10:14:57" Debug="false">
    <Text>HmiConvert: Starting conversion step &lt;Siemens.Simatic.Hmi.Logging.Managers.Scan:Siemens.Simatic.Hmi.Utah.Logging.LoggingConverter.ConvertLogging&gt;.</Text>
  </Details>
  <Details ServiceId="80" MessageId="30" Timestamp="10/23 星期一 10:14:57" Debug="false">
    <Text>HmiConvert: Finished conversion step &lt;Siemens.Simatic.Hmi.Logging.Managers.Scan:Siemens.Simatic.Hmi.Utah.Logging.LoggingConverter.ConvertLogging&gt;.</Text>
  </Details>
  <Details ServiceId="80" MessageId="30" Timestamp="10/23 星期一 10:14:57" Debug="false">
    <Text>HmiConvert: Starting conversion step &lt;Siemens.Simatic.Hmi.GraphX.GraphXManagers.Scan:Siemens.Simatic.Hmi.Utah.GraphX.PhaseConverter.ConvertAlarmViewColor&gt;.</Text>
  </Details>
  <Details ServiceId="80" MessageId="30" Timestamp="10/23 星期一 10:14:57" Debug="false">
    <Text>HmiConvert: Finished conversion step &lt;Siemens.Simatic.Hmi.GraphX.GraphXManagers.Scan:Siemens.Simatic.Hmi.Utah.GraphX.PhaseConverter.ConvertAlarmViewColor&gt;.</Text>
  </Details>
  <Details ServiceId="80" MessageId="30" Timestamp="10/23 星期一 10:14:57" Debug="false">
    <Text>HmiConvert: Starting conversion step &lt;Siemens.Simatic.Hmi.GraphX.GraphXManagers.Scan:Siemens.Simatic.Hmi.Utah.GraphX.GaugeConverter.ConvertGaugeColor&gt;.</Text>
  </Details>
  <Details ServiceId="80" MessageId="30" Timestamp="10/23 星期一 10:14:57" Debug="false">
    <Text>HmiConvert: Finished conversion step &lt;Siemens.Simatic.Hmi.GraphX.GraphXManagers.Scan:Siemens.Simatic.Hmi.Utah.GraphX.GaugeConverter.ConvertGaugeColor&gt;.</Text>
  </Details>
  <Details ServiceId="80" MessageId="30" Timestamp="10/23 星期一 10:14:57" Debug="false">
    <Text>HmiConvert: Starting conversion step &lt;Siemens.Simatic.Hmi.GraphX.GraphXManagers.Scan:Siemens.Simatic.Hmi.Utah.GraphX.PhaseConverter.ConvertGraphicViewsInReport&gt;.</Text>
  </Details>
  <Details ServiceId="80" MessageId="30" Timestamp="10/23 星期一 10:14:57" Debug="false">
    <Text>HmiConvert: Finished conversion step &lt;Siemens.Simatic.Hmi.GraphX.GraphXManagers.Scan:Siemens.Simatic.Hmi.Utah.GraphX.PhaseConverter.ConvertGraphicViewsInReport&gt;.</Text>
  </Details>
  <Details ServiceId="80" MessageId="30" Timestamp="10/23 星期一 10:14:57" Debug="false">
    <Text>HmiConvert: Starting conversion step &lt;Siemens.Simatic.Hmi.GraphX.GraphXManagers.Scan:Siemens.Simatic.Hmi.Utah.GraphX.PhaseConverter.ConvertTexts&gt;.</Text>
  </Details>
  <Details ServiceId="80" MessageId="30" Timestamp="10/23 星期一 10:14:57" Debug="false">
    <Text>HmiConvert: Finished conversion step &lt;Siemens.Simatic.Hmi.GraphX.GraphXManagers.Scan:Siemens.Simatic.Hmi.Utah.GraphX.PhaseConverter.ConvertTexts&gt;.</Text>
  </Details>
  <Details ServiceId="80" MessageId="30" Timestamp="10/23 星期一 10:14:57" Debug="false">
    <Text>HmiConvert: Starting conversion step &lt;Siemens.Simatic.Hmi.GraphX.GraphXManagers.Scan:Siemens.Simatic.Hmi.Utah.GraphX.PhaseConverter.ConvertSymbolicIoFields&gt;.</Text>
  </Details>
  <Details ServiceId="80" MessageId="30" Timestamp="10/23 星期一 10:14:57" Debug="false">
    <Text>HmiConvert: Finished conversion step &lt;Siemens.Simatic.Hmi.GraphX.GraphXManagers.Scan:Siemens.Simatic.Hmi.Utah.GraphX.PhaseConverter.ConvertSymbolicIoFields&gt;.</Text>
  </Details>
  <Details ServiceId="80" MessageId="30" Timestamp="10/23 星期一 10:14:57" Debug="false">
    <Text>HmiConvert: Starting conversion step &lt;Siemens.Simatic.Hmi.RuntimeIT.Managers.Scan:Siemens.Simatic.Hmi.Utah.RTSecurity.HmiRTSecurityPwdConverter.ConvertPasswordToPasswordHash&gt;.</Text>
  </Details>
  <Details ServiceId="80" MessageId="30" Timestamp="10/23 星期一 10:14:57" Debug="false">
    <Text>HmiConvert: Finished conversion step &lt;Siemens.Simatic.Hmi.RuntimeIT.Managers.Scan:Siemens.Simatic.Hmi.Utah.RTSecurity.HmiRTSecurityPwdConverter.ConvertPasswordToPasswordHash&gt;.</Text>
  </Details>
  <Details ServiceId="80" MessageId="30" Timestamp="10/23 星期一 10:14:57" Debug="false">
    <Text>HmiConvert: Starting conversion step &lt;Siemens.Simatic.Hmi.GraphX.GraphXManagers.Scan:Siemens.Simatic.Hmi.Utah.GraphX.PhaseConverter.ConvertGroups&gt;.</Text>
  </Details>
  <Details ServiceId="80" MessageId="30" Timestamp="10/23 星期一 10:14:57" Debug="false">
    <Text>HmiConvert: Finished conversion step &lt;Siemens.Simatic.Hmi.GraphX.GraphXManagers.Scan:Siemens.Simatic.Hmi.Utah.GraphX.PhaseConverter.ConvertGroups&gt;.</Text>
  </Details>
  <Details ServiceId="80" MessageId="30" Timestamp="10/23 星期一 10:14:57" Debug="false">
    <Text>HmiConvert: Starting conversion step &lt;Siemens.Simatic.Hmi.GraphX.GraphXManagers.Scan:Siemens.Simatic.Hmi.Utah.GraphX.PhaseConverter.ConvertGroupsWithText&gt;.</Text>
  </Details>
  <Details ServiceId="80" MessageId="30" Timestamp="10/23 星期一 10:14:57" Debug="false">
    <Text>HmiConvert: Finished conversion step &lt;Siemens.Simatic.Hmi.GraphX.GraphXManagers.Scan:Siemens.Simatic.Hmi.Utah.GraphX.PhaseConverter.ConvertGroupsWithText&gt;.</Text>
  </Details>
  <Details ServiceId="80" MessageId="30" Timestamp="10/23 星期一 10:14:57" Debug="false">
    <Text>HmiConvert: Starting conversion step &lt;Siemens.Simatic.Hmi.GraphX.GraphXManagers.Scan:Siemens.Simatic.Hmi.Utah.GraphX.PhaseConverter.ConvertSoftkeys&gt;.</Text>
  </Details>
  <Details ServiceId="80" MessageId="30" Timestamp="10/23 星期一 10:14:57" Debug="false">
    <Text>HmiConvert: Finished conversion step &lt;Siemens.Simatic.Hmi.GraphX.GraphXManagers.Scan:Siemens.Simatic.Hmi.Utah.GraphX.PhaseConverter.ConvertSoftkeys&gt;.</Text>
  </Details>
  <Details ServiceId="80" MessageId="30" Timestamp="10/23 星期一 10:14:57" Debug="false">
    <Text>HmiConvert: Starting conversion step &lt;Siemens.Simatic.Hmi.GraphX.GraphXManagers.Scan:Siemens.Simatic.Hmi.Utah.GraphX.PhaseConverter.UpdateToolbarButtons&gt;.</Text>
  </Details>
  <Details ServiceId="80" MessageId="30" Timestamp="10/23 星期一 10:14:57" Debug="false">
    <Text>HmiConvert: Finished conversion step &lt;Siemens.Simatic.Hmi.GraphX.GraphXManagers.Scan:Siemens.Simatic.Hmi.Utah.GraphX.PhaseConverter.UpdateToolbarButtons&gt;.</Text>
  </Details>
  <Details ServiceId="80" MessageId="30" Timestamp="10/23 星期一 10:14:57" Debug="false">
    <Text>HmiConvert: Starting conversion step &lt;Siemens.Simatic.Hmi.GraphX.GraphXManagers.Scan:Siemens.Simatic.Hmi.Utah.GraphX.PhaseConverter.ConvertScreenUdtVersionInstanceRelation&gt;.</Text>
  </Details>
  <Details ServiceId="80" MessageId="30" Timestamp="10/23 星期一 10:14:57" Debug="false">
    <Text>HmiConvert: Finished conversion step &lt;Siemens.Simatic.Hmi.GraphX.GraphXManagers.Scan:Siemens.Simatic.Hmi.Utah.GraphX.PhaseConverter.ConvertScreenUdtVersionInstanceRelation&gt;.</Text>
  </Details>
  <Details ServiceId="80" MessageId="30" Timestamp="10/23 星期一 10:14:57" Debug="false">
    <Text>HmiConvert: Starting conversion step &lt;Siemens.Simatic.Hmi.GraphX.GraphXManagers.Scan:Siemens.Simatic.Hmi.Utah.GraphX.EdgeStylePhaseConverter.ConvertBorderStyle3D&gt;.</Text>
  </Details>
  <Details ServiceId="80" MessageId="30" Timestamp="10/23 星期一 10:14:57" Debug="false">
    <Text>HmiConvert: Finished conversion step &lt;Siemens.Simatic.Hmi.GraphX.GraphXManagers.Scan:Siemens.Simatic.Hmi.Utah.GraphX.EdgeStylePhaseConverter.ConvertBorderStyle3D&gt;.</Text>
  </Details>
  <Details ServiceId="80" MessageId="30" Timestamp="10/23 星期一 10:14:57" Debug="false">
    <Text>HmiConvert: Starting conversion step &lt;Siemens.Simatic.Hmi.Styles.Managers.Scan:Siemens.Simatic.Hmi.Utah.Styles.HmiStyleConverter.ConvertHmiStyle&gt;.</Text>
  </Details>
  <Details ServiceId="80" MessageId="30" Timestamp="10/23 星期一 10:15:05" Debug="false">
    <Text>HmiConvert: Finished conversion step &lt;Siemens.Simatic.Hmi.Styles.Managers.Scan:Siemens.Simatic.Hmi.Utah.Styles.HmiStyleConverter.ConvertHmiStyle&gt;.</Text>
  </Details>
  <Details ServiceId="80" MessageId="30" Timestamp="10/23 星期一 10:15:05" Debug="false">
    <Text>HmiConvert: Starting conversion step &lt;Siemens.Simatic.Hmi.ScreenModules.Managers.Scan:Siemens.Simatic.Hmi.Utah.Modules.ScreenModules.PhaseConverter.ConvertFaceplateBorderStyle3D&gt;.</Text>
  </Details>
  <Details ServiceId="80" MessageId="30" Timestamp="10/23 星期一 10:15:05" Debug="false">
    <Text>HmiConvert: Finished conversion step &lt;Siemens.Simatic.Hmi.ScreenModules.Managers.Scan:Siemens.Simatic.Hmi.Utah.Modules.ScreenModules.PhaseConverter.ConvertFaceplateBorderStyle3D&gt;.</Text>
  </Details>
  <Details ServiceId="80" MessageId="30" Timestamp="10/23 星期一 10:15:05" Debug="false">
    <Text>HmiConvert: Starting conversion step &lt;Siemens.Simatic.Hmi.ScreenModules.Managers.Scan:Siemens.Simatic.Hmi.Utah.Modules.ScreenModules.PhaseConverter.ConvertDeleteParentlessFaceplateStructureMembers&gt;.</Text>
  </Details>
  <Details ServiceId="80" MessageId="30" Timestamp="10/23 星期一 10:15:05" Debug="false">
    <Text>HmiConvert: Finished conversion step &lt;Siemens.Simatic.Hmi.ScreenModules.Managers.Scan:Siemens.Simatic.Hmi.Utah.Modules.ScreenModules.PhaseConverter.ConvertDeleteParentlessFaceplateStructureMembers&gt;.</Text>
  </Details>
  <Details ServiceId="80" MessageId="30" Timestamp="10/23 星期一 10:15:05" Debug="false">
    <Text>HmiConvert: Starting conversion step &lt;Siemens.Simatic.Hmi.ScreenModules.Managers.Scan:Siemens.Simatic.Hmi.Utah.Modules.ScreenModules.PhaseConverter.RepairInvalidGraphicListReferencesUnderFaceplates&gt;.</Text>
  </Details>
  <Details ServiceId="80" MessageId="30" Timestamp="10/23 星期一 10:15:05" Debug="false">
    <Text>HmiConvert: Finished conversion step &lt;Siemens.Simatic.Hmi.ScreenModules.Managers.Scan:Siemens.Simatic.Hmi.Utah.Modules.ScreenModules.PhaseConverter.RepairInvalidGraphicListReferencesUnderFaceplates&gt;.</Text>
  </Details>
  <Details ServiceId="80" MessageId="30" Timestamp="10/23 星期一 10:15:05" Debug="false">
    <Text>HmiConvert: Starting conversion step &lt;Siemens.Simatic.Hmi.ScreenModules.Managers.Scan:Siemens.Simatic.Hmi.Utah.Modules.ScreenModules.PhaseConverter.RepairScreenModuleTags&gt;.</Text>
  </Details>
  <Details ServiceId="80" MessageId="30" Timestamp="10/23 星期一 10:15:05" Debug="false">
    <Text>HmiConvert: Finished conversion step &lt;Siemens.Simatic.Hmi.ScreenModules.Managers.Scan:Siemens.Simatic.Hmi.Utah.Modules.ScreenModules.PhaseConverter.RepairScreenModuleTags&gt;.</Text>
  </Details>
  <Details ServiceId="80" MessageId="30" Timestamp="10/23 星期一 10:15:05" Debug="false">
    <Text>HmiConvert: Starting conversion step &lt;Siemens.Simatic.Hmi.ScreenModules.Managers.Scan:Siemens.Simatic.Hmi.Utah.Modules.ScreenModules.PhaseConverter.RepairPropertyInterfaceStructureMember&gt;.</Text>
  </Details>
  <Details ServiceId="80" MessageId="30" Timestamp="10/23 星期一 10:15:05" Debug="false">
    <Text>HmiConvert: Finished conversion step &lt;Siemens.Simatic.Hmi.ScreenModules.Managers.Scan:Siemens.Simatic.Hmi.Utah.Modules.ScreenModules.PhaseConverter.RepairPropertyInterfaceStructureMember&gt;.</Text>
  </Details>
  <Details ServiceId="80" MessageId="30" Timestamp="10/23 星期一 10:15:05" Debug="false">
    <Text>HmiConvert: Starting conversion step &lt;Siemens.Simatic.Hmi.ScreenModules.Managers.Scan:Siemens.Simatic.Hmi.Utah.Modules.ScreenModules.PhaseConverter.ConvertImageTRefs&gt;.</Text>
  </Details>
  <Details ServiceId="80" MessageId="30" Timestamp="10/23 星期一 10:15:05" Debug="false">
    <Text>HmiConvert: Finished conversion step &lt;Siemens.Simatic.Hmi.ScreenModules.Managers.Scan:Siemens.Simatic.Hmi.Utah.Modules.ScreenModules.PhaseConverter.ConvertImageTRefs&gt;.</Text>
  </Details>
  <Details ServiceId="80" MessageId="30" Timestamp="10/23 星期一 10:15:05" Debug="false">
    <Text>HmiConvert: Starting conversion step &lt;Siemens.Simatic.Hmi.Recipe.Managers.Scan:Siemens.Simatic.Hmi.Utah.Recipe.RecipeConverter.ConvertRecipe&gt;.</Text>
  </Details>
  <Details ServiceId="80" MessageId="30" Timestamp="10/23 星期一 10:15:05" Debug="false">
    <Text>HmiConvert: Finished conversion step &lt;Siemens.Simatic.Hmi.Recipe.Managers.Scan:Siemens.Simatic.Hmi.Utah.Recipe.RecipeConverter.ConvertRecipe&gt;.</Text>
  </Details>
  <Details ServiceId="80" MessageId="30" Timestamp="10/23 星期一 10:15:05" Debug="false">
    <Text>HmiConvert: Starting conversion step &lt;Siemens.Simatic.Hmi.Communication.Managers.Scan:Siemens.Simatic.Hmi.Utah.Communication.HmiConnectionConverter.ConvertConnection&gt;.</Text>
  </Details>
  <Details ServiceId="80" MessageId="30" Timestamp="10/23 星期一 10:15:05" Debug="false">
    <Text>HmiConvert: Finished conversion step &lt;Siemens.Simatic.Hmi.Communication.Managers.Scan:Siemens.Simatic.Hmi.Utah.Communication.HmiConnectionConverter.ConvertConnection&gt;.</Text>
  </Details>
  <Details ServiceId="80" MessageId="30" Timestamp="10/23 星期一 10:15:05" Debug="false">
    <Text>HmiConvert: Starting conversion step &lt;Siemens.Simatic.Hmi.GraphX.MTb.Managers.Scan:Siemens.Simatic.Hmi.Utah.GraphX.MenusAndToolBars.ToolbarHolderConverter.ConvertToolbarHolders&gt;.</Text>
  </Details>
  <Details ServiceId="80" MessageId="30" Timestamp="10/23 星期一 10:15:05" Debug="false">
    <Text>HmiConvert: Finished conversion step &lt;Siemens.Simatic.Hmi.GraphX.MTb.Managers.Scan:Siemens.Simatic.Hmi.Utah.GraphX.MenusAndToolBars.ToolbarHolderConverter.ConvertToolbarHolders&gt;.</Text>
  </Details>
  <Details ServiceId="80" MessageId="30" Timestamp="10/23 星期一 10:15:05" Debug="false">
    <Text>HmiConvert: Starting conversion step &lt;Siemens.Simatic.Hmi.Globalization.Managers.Scan:Siemens.Simatic.Hmi.Utah.Globalization.TextConvertV14.ConvertTexts&gt;.</Text>
  </Details>
  <Details ServiceId="80" MessageId="30" Timestamp="10/23 星期一 10:15:06" Debug="false">
    <Text>HmiConvert: Finished conversion step &lt;Siemens.Simatic.Hmi.Globalization.Managers.Scan:Siemens.Simatic.Hmi.Utah.Globalization.TextConvertV14.ConvertTexts&gt;.</Text>
  </Details>
  <Details ServiceId="80" MessageId="30" Timestamp="10/23 星期一 10:15:06" Debug="false">
    <Text>HmiConvert: Starting conversion step &lt;Siemens.Simatic.Hmi.Tag.Managers.Scan:Siemens.Simatic.Hmi.Utah.Tag.CoreTagConverter.DoConvert&gt;.</Text>
  </Details>
  <Details ServiceId="80" MessageId="30" Timestamp="10/23 星期一 10:15:06" Debug="false">
    <Text>HmiConvert: Finished conversion step &lt;Siemens.Simatic.Hmi.Tag.Managers.Scan:Siemens.Simatic.Hmi.Utah.Tag.CoreTagConverter.DoConvert&gt;.</Text>
  </Details>
  <Details ServiceId="80" MessageId="30" Timestamp="10/23 星期一 10:15:06" Debug="false">
    <Text>HmiConvert: Starting conversion step &lt;Siemens.Simatic.Hmi.Tag.Managers.Scan:Siemens.Simatic.Hmi.Utah.Tag.HmiAreaPointerConverter.DoConvert&gt;.</Text>
  </Details>
  <Details ServiceId="80" MessageId="30" Timestamp="10/23 星期一 10:15:06" Debug="false">
    <Text>HmiConvert: Finished conversion step &lt;Siemens.Simatic.Hmi.Tag.Managers.Scan:Siemens.Simatic.Hmi.Utah.Tag.HmiAreaPointerConverter.DoConvert&gt;.</Text>
  </Details>
  <Details ServiceId="80" MessageId="30" Timestamp="10/23 星期一 10:15:06" Debug="false">
    <Text>HmiConvert is waiting for external dependency: Siemens.Simatic.Lang.SPLConvert</Text>
  </Details>
  <Details ServiceId="80" MessageId="30" Timestamp="10/23 星期一 10:16:30" Debug="false">
    <Text>HmiConvert: Started conversion section.</Text>
  </Details>
  <Details ServiceId="80" MessageId="30" Timestamp="10/23 星期一 10:16:30" Debug="false">
    <Text>HmiConvert: Starting conversion step &lt;Siemens.Simatic.Hmi.Tag.Managers.Scan:Siemens.Simatic.Hmi.Utah.Tag.ConvertFinalizer.DoConvert&gt;.</Text>
  </Details>
  <Details ServiceId="80" MessageId="30" Timestamp="10/23 星期一 10:16:54" Debug="false">
    <Text>HmiConvert: Finished conversion step &lt;Siemens.Simatic.Hmi.Tag.Managers.Scan:Siemens.Simatic.Hmi.Utah.Tag.ConvertFinalizer.DoConvert&gt;.</Text>
  </Details>
  <Details ServiceId="80" MessageId="30" Timestamp="10/23 星期一 10:16:54" Debug="false">
    <Text>HmiConvert: Starting conversion step &lt;Siemens.Simatic.Hmi.Tag.Managers.Scan:Siemens.Simatic.Hmi.Utah.Tag.HmiAreaPointerConvertFinalizer.DoConvert&gt;.</Text>
  </Details>
  <Details ServiceId="80" MessageId="30" Timestamp="10/23 星期一 10:16:54" Debug="false">
    <Text>HmiConvert: Finished conversion step &lt;Siemens.Simatic.Hmi.Tag.Managers.Scan:Siemens.Simatic.Hmi.Utah.Tag.HmiAreaPointerConvertFinalizer.DoConvert&gt;.</Text>
  </Details>
  <Details ServiceId="80" MessageId="30" Timestamp="10/23 星期一 10:16:54" Debug="false">
    <Text>HmiConvert: Starting conversion step &lt;Siemens.Simatic.Hmi.Tag.Managers.Scan:Siemens.Simatic.Hmi.Utah.Tag.HmiUdtVersionConverter.DoConvert&gt;.</Text>
  </Details>
  <Details ServiceId="80" MessageId="30" Timestamp="10/23 星期一 10:16:54" Debug="false">
    <Text>HmiConvert: Finished conversion step &lt;Siemens.Simatic.Hmi.Tag.Managers.Scan:Siemens.Simatic.Hmi.Utah.Tag.HmiUdtVersionConverter.DoConvert&gt;.</Text>
  </Details>
  <Details ServiceId="80" MessageId="30" Timestamp="10/23 星期一 10:16:54" Debug="false">
    <Text>HmiConvert: Starting conversion step &lt;Siemens.Simatic.Hmi.Cycle.Managers.Scan:Siemens.Simatic.Hmi.Utah.Cycles.CyclePhaseConverter.ConvertCycles&gt;.</Text>
  </Details>
  <Details ServiceId="80" MessageId="30" Timestamp="10/23 星期一 10:16:54" Debug="false">
    <Text>HmiConvert: Finished conversion step &lt;Siemens.Simatic.Hmi.Cycle.Managers.Scan:Siemens.Simatic.Hmi.Utah.Cycles.CyclePhaseConverter.ConvertCycles&gt;.</Text>
  </Details>
  <Details ServiceId="80" MessageId="30" Timestamp="10/23 星期一 10:16:54" Debug="false">
    <Text>HmiConvert: Starting conversion step &lt;Siemens.Simatic.Hmi.Globalization.Managers.Scan:Siemens.Simatic.Hmi.Utah.Globalization.CommentConvertV14.ConvertComments&gt;.</Text>
  </Details>
  <Details ServiceId="80" MessageId="30" Timestamp="10/23 星期一 10:16:54" Debug="false">
    <Text>HmiConvert: Finished conversion step &lt;Siemens.Simatic.Hmi.Globalization.Managers.Scan:Siemens.Simatic.Hmi.Utah.Globalization.CommentConvertV14.ConvertComments&gt;.</Text>
  </Details>
  <Details ServiceId="80" MessageId="30" Timestamp="10/23 星期一 10:16:54" Debug="false">
    <Text>HmiConvert: Starting conversion step &lt;Siemens.Simatic.Hmi.TextGraphicLists.Managers.Scan:Siemens.Simatic.Hmi.Utah.TextAndGraphicLists.HmiTextAndGraphicListConverter.ConvertHmiTextAndGraphicList&gt;.</Text>
  </Details>
  <Details ServiceId="80" MessageId="30" Timestamp="10/23 星期一 10:16:54" Debug="false">
    <Text>HmiConvert: Finished conversion step &lt;Siemens.Simatic.Hmi.TextGraphicLists.Managers.Scan:Siemens.Simatic.Hmi.Utah.TextAndGraphicLists.HmiTextAndGraphicListConverter.ConvertHmiTextAndGraphicList&gt;.</Text>
  </Details>
  <Details ServiceId="80" MessageId="30" Timestamp="10/23 星期一 10:16:54" Debug="false">
    <Text>HmiConvert: Starting conversion step &lt;Siemens.Simatic.Hmi.Common.ConvertBusinessLogic:Siemens.Simatic.Hmi.Common.Convert.RemoveObsoletePackageContainersConverter.RemoveObsoletePackageContainers&gt;.</Text>
  </Details>
  <Details ServiceId="80" MessageId="30" Timestamp="10/23 星期一 10:16:55" Debug="false">
    <Text>HmiConvert: Finished conversion step &lt;Siemens.Simatic.Hmi.Common.ConvertBusinessLogic:Siemens.Simatic.Hmi.Common.Convert.RemoveObsoletePackageContainersConverter.RemoveObsoletePackageContainers&gt;.</Text>
  </Details>
  <Details ServiceId="80" MessageId="30" Timestamp="10/23 星期一 10:16:55" Debug="false">
    <Text>HmiConvert: Starting conversion step &lt;Siemens.Simatic.Hmi.Alarm.Managers.Scan:Siemens.Simatic.Hmi.Utah.Alarm.AlarmDataConverterWithHmiBl.ConvertAlarmStuffWithHmiBl&gt;.</Text>
  </Details>
  <Details ServiceId="80" MessageId="30" Timestamp="10/23 星期一 10:16:56" Debug="false">
    <Text>HmiConvert: Finished conversion step &lt;Siemens.Simatic.Hmi.Alarm.Managers.Scan:Siemens.Simatic.Hmi.Utah.Alarm.AlarmDataConverterWithHmiBl.ConvertAlarmStuffWithHmiBl&gt;.</Text>
  </Details>
  <Details ServiceId="80" MessageId="30" Timestamp="10/23 星期一 10:16:56" Debug="false">
    <Text>HmiConvert: Starting conversion step &lt;Siemens.Simatic.Hmi.GraphX.Controls.Managers.Scan:Siemens.Simatic.Hmi.Utah.GraphX.Controls.ProDiagPhaseConverter.ConvertLayout&gt;.</Text>
  </Details>
  <Details ServiceId="80" MessageId="30" Timestamp="10/23 星期一 10:16:56" Debug="false">
    <Text>HmiConvert: Finished conversion step &lt;Siemens.Simatic.Hmi.GraphX.Controls.Managers.Scan:Siemens.Simatic.Hmi.Utah.GraphX.Controls.ProDiagPhaseConverter.ConvertLayout&gt;.</Text>
  </Details>
  <Details ServiceId="80" MessageId="30" Timestamp="10/23 星期一 10:16:56" Debug="false">
    <Text>HmiConvert: Starting conversion step &lt;Siemens.Simatic.Hmi.GraphX.GraphXManagers.Scan:Siemens.Simatic.Hmi.Utah.GraphX.PhaseConverter.ConvertScreenUdtElements&gt;.</Text>
  </Details>
  <Details ServiceId="80" MessageId="30" Timestamp="10/23 星期一 10:16:56" Debug="false">
    <Text>HmiConvert: Finished conversion step &lt;Siemens.Simatic.Hmi.GraphX.GraphXManagers.Scan:Siemens.Simatic.Hmi.Utah.GraphX.PhaseConverter.ConvertScreenUdtElements&gt;.</Text>
  </Details>
  <Details ServiceId="80" MessageId="30" Timestamp="10/23 星期一 10:16:56" Debug="false">
    <Text>HmiConvert: Starting conversion step &lt;Siemens.Simatic.Hmi.Globalization.Managers.Scan:Siemens.Simatic.Hmi.Utah.Globalization.TextRepairForConvert.TextsRepair&gt;.</Text>
  </Details>
  <Details ServiceId="80" MessageId="30" Timestamp="10/23 星期一 10:16:57" Debug="false">
    <Text>HmiConvert: Finished conversion step &lt;Siemens.Simatic.Hmi.Globalization.Managers.Scan:Siemens.Simatic.Hmi.Utah.Globalization.TextRepairForConvert.TextsRepair&gt;.</Text>
  </Details>
  <Details ServiceId="80" MessageId="30" Timestamp="10/23 星期一 10:16:57" Debug="false">
    <Text>HmiConvert: Finished conversion section.</Text>
  </Details>
  <MessageCell ServiceId="80" MessageId="30" MessageClass="Information" Timestamp="10/23 星期一 10:17:00">
    <Number ServiceNumber="80" MessageNumber="30" />
    <Text FeedbackText="更新新项目/库。" />
    <Help HelpId="-1" />
  </MessageCell>
  <MessageCell ServiceId="80" MessageId="30" MessageClass="Information" Timestamp="10/23 星期一 10:17:01">
    <Number ServiceNumber="80" MessageNumber="30" />
    <Text FeedbackText="正在转换交叉引用信息。" />
    <Help HelpId="-1" />
  </MessageCell>
  <MessageCell ServiceId="80" MessageId="30" MessageClass="Information" Timestamp="10/23 星期一 10:17:07">
    <Number ServiceNumber="80" MessageNumber="30" />
    <Text FeedbackText="交叉引用信息已成功创建." />
    <Help HelpId="-1" />
  </MessageCell>
  <MessageCell ServiceId="80" MessageId="30" MessageClass="Information" Timestamp="10/23 星期一 10:17:07">
    <Number ServiceNumber="80" MessageNumber="30" />
    <Text FeedbackText="交叉引用信息的转换已完成。" />
    <Help HelpId="-1" />
  </MessageCell>
  <MessageCell ServiceId="80" MessageId="30" MessageClass="Information" Timestamp="10/23 星期一 10:17:07">
    <Number ServiceNumber="80" MessageNumber="30" />
    <Text FeedbackText="清除过时的元数据。" />
    <Help HelpId="-1" />
  </MessageCell>
  <Details ServiceId="80" MessageId="30" Timestamp="10/23 星期一 10:17:31" Debug="false">
    <Text>Meta Package 'Dynamics' was deleted</Text>
  </Details>
  <Details ServiceId="80" MessageId="30" Timestamp="10/23 星期一 10:17:31" Debug="false">
    <Text>Meta Package 'HmiAlarm' was deleted</Text>
  </Details>
  <Details ServiceId="80" MessageId="30" Timestamp="10/23 星期一 10:17:31" Debug="false">
    <Text>Meta Package 'HmiBase' was deleted</Text>
  </Details>
  <Details ServiceId="80" MessageId="30" Timestamp="10/23 星期一 10:17:31" Debug="false">
    <Text>Meta Package 'HmiCommunication' was deleted</Text>
  </Details>
  <Details ServiceId="80" MessageId="30" Timestamp="10/23 星期一 10:17:31" Debug="false">
    <Text>Meta Package 'HmiControls' was deleted</Text>
  </Details>
  <Details ServiceId="80" MessageId="30" Timestamp="10/23 星期一 10:17:31" Debug="false">
    <Text>Meta Package 'HmiControls_V13' was deleted</Text>
  </Details>
  <Details ServiceId="80" MessageId="30" Timestamp="10/23 星期一 10:17:31" Debug="false">
    <Text>Meta Package 'HmiCurve' was deleted</Text>
  </Details>
  <Details ServiceId="80" MessageId="30" Timestamp="10/23 星期一 10:17:31" Debug="false">
    <Text>Meta Package 'HmiCycle' was deleted</Text>
  </Details>
  <Details ServiceId="80" MessageId="30" Timestamp="10/23 星期一 10:17:31" Debug="false">
    <Text>Meta Package 'HmiDevice' was deleted</Text>
  </Details>
  <Details ServiceId="80" MessageId="30" Timestamp="10/23 星期一 10:17:31" Debug="false">
    <Text>Meta Package 'HmiDevice_V13SP1' was deleted</Text>
  </Details>
  <Details ServiceId="80" MessageId="30" Timestamp="10/23 星期一 10:17:31" Debug="false">
    <Text>Meta Package 'HmiFontItem' was deleted</Text>
  </Details>
  <Details ServiceId="80" MessageId="30" Timestamp="10/23 星期一 10:17:31" Debug="false">
    <Text>Meta Package 'HmiFontList' was deleted</Text>
  </Details>
  <Details ServiceId="80" MessageId="30" Timestamp="10/23 星期一 10:17:31" Debug="false">
    <Text>Meta Package 'HmiGraphX' was deleted</Text>
  </Details>
  <Details ServiceId="80" MessageId="30" Timestamp="10/23 星期一 10:17:31" Debug="false">
    <Text>Meta Package 'HmiGraphX_V12SP1' was deleted</Text>
  </Details>
  <Details ServiceId="80" MessageId="30" Timestamp="10/23 星期一 10:17:31" Debug="false">
    <Text>Meta Package 'HmiGraphX_V13SP1' was deleted</Text>
  </Details>
  <Details ServiceId="80" MessageId="30" Timestamp="10/23 星期一 10:17:31" Debug="false">
    <Text>Meta Package 'HmiImage' was deleted</Text>
  </Details>
  <Details ServiceId="80" MessageId="30" Timestamp="10/23 星期一 10:17:31" Debug="false">
    <Text>Meta Package 'HmiInternalImage' was deleted</Text>
  </Details>
  <Details ServiceId="80" MessageId="30" Timestamp="10/23 星期一 10:17:31" Debug="false">
    <Text>Meta Package 'HmiJob' was deleted</Text>
  </Details>
  <Details ServiceId="80" MessageId="30" Timestamp="10/23 星期一 10:17:31" Debug="false">
    <Text>Meta Package 'HmiRTSecurity' was deleted</Text>
  </Details>
  <Details ServiceId="80" MessageId="30" Timestamp="10/23 星期一 10:17:31" Debug="false">
    <Text>Meta Package 'HmiRecipe' was deleted</Text>
  </Details>
  <Details ServiceId="80" MessageId="30" Timestamp="10/23 星期一 10:17:31" Debug="false">
    <Text>Meta Package 'HmiReport' was deleted</Text>
  </Details>
  <Details ServiceId="80" MessageId="30" Timestamp="10/23 星期一 10:17:31" Debug="false">
    <Text>Meta Package 'HmiScreenModules' was deleted</Text>
  </Details>
  <Details ServiceId="80" MessageId="30" Timestamp="10/23 星期一 10:17:31" Debug="false">
    <Text>Meta Package 'HmiScreenModules_V12SP1' was deleted</Text>
  </Details>
  <Details ServiceId="80" MessageId="30" Timestamp="10/23 星期一 10:17:31" Debug="false">
    <Text>Meta Package 'HmiScripting' was deleted</Text>
  </Details>
  <Details ServiceId="80" MessageId="30" Timestamp="10/23 星期一 10:17:31" Debug="false">
    <Text>Meta Package 'HmiScripting_V12SP1' was deleted</Text>
  </Details>
  <Details ServiceId="80" MessageId="30" Timestamp="10/23 星期一 10:17:31" Debug="false">
    <Text>Meta Package 'HmiStyle' was deleted</Text>
  </Details>
  <Details ServiceId="80" MessageId="30" Timestamp="10/23 星期一 10:17:31" Debug="false">
    <Text>Meta Package 'HmiStyle_V13SP1' was deleted</Text>
  </Details>
  <Details ServiceId="80" MessageId="30" Timestamp="10/23 星期一 10:17:31" Debug="false">
    <Text>Meta Package 'HmiTag' was deleted</Text>
  </Details>
  <Details ServiceId="80" MessageId="30" Timestamp="10/23 星期一 10:17:31" Debug="false">
    <Text>Meta Package 'HmiTag_V12SP1' was deleted</Text>
  </Details>
  <Details ServiceId="80" MessageId="30" Timestamp="10/23 星期一 10:17:31" Debug="false">
    <Text>Meta Package 'HmiText' was deleted</Text>
  </Details>
  <Details ServiceId="80" MessageId="30" Timestamp="10/23 星期一 10:17:31" Debug="false">
    <Text>Meta Package 'HmiTextAndGraphicLists' was deleted</Text>
  </Details>
  <Details ServiceId="80" MessageId="30" Timestamp="10/23 星期一 10:17:31" Debug="false">
    <Text>Meta Package 'HmiTheme' was deleted</Text>
  </Details>
  <Details ServiceId="80" MessageId="30" Timestamp="10/23 星期一 10:17:31" Debug="false">
    <Text>Meta Package 'HmiWireless' was deleted</Text>
  </Details>
  <Details ServiceId="80" MessageId="30" Timestamp="10/23 星期一 10:17:31" Debug="false">
    <Text>Meta Package 'HmiWireless_V13SP1' was deleted</Text>
  </Details>
  <Details ServiceId="80" MessageId="30" Timestamp="10/23 星期一 10:17:31" Debug="false">
    <Text>Meta Package 'Iecpl' was deleted</Text>
  </Details>
  <Details ServiceId="80" MessageId="30" Timestamp="10/23 星期一 10:17:31" Debug="false">
    <Text>Meta Package 'Iecpl_BlockInterface_V13.0.1' was deleted</Text>
  </Details>
  <Details ServiceId="80" MessageId="30" Timestamp="10/23 星期一 10:17:31" Debug="false">
    <Text>Meta Package 'Iecpl_V12' was deleted</Text>
  </Details>
  <Details ServiceId="80" MessageId="30" Timestamp="10/23 星期一 10:17:31" Debug="false">
    <Text>Meta Package 'Logging' was deleted</Text>
  </Details>
  <Details ServiceId="80" MessageId="30" Timestamp="10/23 星期一 10:17:31" Debug="false">
    <Text>Meta Package 'Logging_v12' was deleted</Text>
  </Details>
  <Details ServiceId="80" MessageId="30" Timestamp="10/23 星期一 10:17:31" Debug="false">
    <Text>Meta Package 'S7FP' was deleted</Text>
  </Details>
  <Details ServiceId="80" MessageId="30" Timestamp="10/23 星期一 10:17:31" Debug="false">
    <Text>Meta Package 'S7FP_V12' was deleted</Text>
  </Details>
  <Details ServiceId="80" MessageId="30" Timestamp="10/23 星期一 10:17:31" Debug="false">
    <Text>Meta Package 'SettingsEditor' was deleted</Text>
  </Details>
  <Details ServiceId="80" MessageId="30" Timestamp="10/23 星期一 10:17:31" Debug="false">
    <Text>Meta Package 'Siemens.Automation.CommonModel.Printing' was deleted</Text>
  </Details>
  <Details ServiceId="80" MessageId="30" Timestamp="10/23 星期一 10:17:31" Debug="false">
    <Text>Meta Package 'Siemens.Automation.CommonServices.IPI.Core' was deleted</Text>
  </Details>
  <Details ServiceId="80" MessageId="30" Timestamp="10/23 星期一 10:17:31" Debug="false">
    <Text>Meta Package 'Siemens.Automation.CommonServices.Library.MasterCopies' was deleted</Text>
  </Details>
  <Details ServiceId="80" MessageId="30" Timestamp="10/23 星期一 10:17:31" Debug="false">
    <Text>Meta Package 'Siemens.Automation.CommonServices.Library.SystemTypes' was deleted</Text>
  </Details>
  <Details ServiceId="80" MessageId="30" Timestamp="10/23 星期一 10:17:31" Debug="false">
    <Text>Meta Package 'Siemens.Automation.CommonServices.Library.UserTypes' was deleted</Text>
  </Details>
  <Details ServiceId="80" MessageId="30" Timestamp="10/23 星期一 10:17:31" Debug="false">
    <Text>Meta Package 'Siemens.Automation.CommonServices.Library.V12SP1' was deleted</Text>
  </Details>
  <Details ServiceId="80" MessageId="30" Timestamp="10/23 星期一 10:17:31" Debug="false">
    <Text>Meta Package 'Siemens.Automation.DomainModel.Online' was deleted</Text>
  </Details>
  <Details ServiceId="80" MessageId="30" Timestamp="10/23 星期一 10:17:31" Debug="false">
    <Text>Meta Package 'Siemens.Automation.DomainModel.OnlineBackup' was deleted</Text>
  </Details>
  <Details ServiceId="80" MessageId="30" Timestamp="10/23 星期一 10:17:31" Debug="false">
    <Text>Meta Package 'Siemens.Automation.DomainModel.TextLists' was deleted</Text>
  </Details>
  <Details ServiceId="80" MessageId="30" Timestamp="10/23 星期一 10:17:31" Debug="false">
    <Text>Meta Package 'Siemens.Simatic.AlarmServices.Model.LangConnector.TextLists.V14' was deleted</Text>
  </Details>
  <Details ServiceId="80" MessageId="30" Timestamp="10/23 星期一 10:17:31" Debug="false">
    <Text>Meta Package 'Siemens.Simatic.AlarmServices.Model.LangConnector.V14' was deleted</Text>
  </Details>
  <Details ServiceId="80" MessageId="30" Timestamp="10/23 星期一 10:17:31" Debug="false">
    <Text>Meta Package 'Siemens.Simatic.AlarmServices.Model.V14' was deleted</Text>
  </Details>
  <Details ServiceId="80" MessageId="30" Timestamp="10/23 星期一 10:17:31" Debug="false">
    <Text>Meta Package 'Siemens.Simatic.AlarmServices.ObjectFrame.S7400' was deleted</Text>
  </Details>
  <Details ServiceId="80" MessageId="30" Timestamp="10/23 星期一 10:17:31" Debug="false">
    <Text>Meta Package 'Siemens.Simatic.AlarmServices.ObjectFrame.S7500S71200' was deleted</Text>
  </Details>
  <Details ServiceId="80" MessageId="30" Timestamp="10/23 星期一 10:17:31" Debug="false">
    <Text>Meta Package 'Siemens.Simatic.Hmi.Controls' was deleted</Text>
  </Details>
  <Details ServiceId="80" MessageId="30" Timestamp="10/23 星期一 10:17:31" Debug="false">
    <Text>Meta Package 'Siemens.Simatic.Hmi.Convert' was deleted</Text>
  </Details>
  <Details ServiceId="80" MessageId="30" Timestamp="10/23 星期一 10:17:31" Debug="false">
    <Text>Meta Package 'Siemens.Simatic.Hmi.Curve' was deleted</Text>
  </Details>
  <Details ServiceId="80" MessageId="30" Timestamp="10/23 星期一 10:17:31" Debug="false">
    <Text>Meta Package 'Siemens.Simatic.Hmi.Job' was deleted</Text>
  </Details>
  <Details ServiceId="80" MessageId="30" Timestamp="10/23 星期一 10:17:31" Debug="false">
    <Text>Meta Package 'Siemens.Simatic.Hmi.Library' was deleted</Text>
  </Details>
  <Details ServiceId="80" MessageId="30" Timestamp="10/23 星期一 10:17:31" Debug="false">
    <Text>Meta Package 'Siemens.Simatic.Hmi.Recipe' was deleted</Text>
  </Details>
  <Details ServiceId="80" MessageId="30" Timestamp="10/23 星期一 10:17:31" Debug="false">
    <Text>Meta Package 'Siemens.Simatic.Hmi.Report' was deleted</Text>
  </Details>
  <Details ServiceId="80" MessageId="30" Timestamp="10/23 星期一 10:17:31" Debug="false">
    <Text>Meta Package 'Siemens.Simatic.Hmi.ScreenModules' was deleted</Text>
  </Details>
  <Details ServiceId="80" MessageId="30" Timestamp="10/23 星期一 10:17:31" Debug="false">
    <Text>Meta Package 'Siemens.Simatic.HwConfiguration.Security.Model' was deleted</Text>
  </Details>
  <Details ServiceId="80" MessageId="30" Timestamp="10/23 星期一 10:17:31" Debug="false">
    <Text>Meta Package 'Siemens.Simatic.Lang.ProDiag' was deleted</Text>
  </Details>
  <Details ServiceId="80" MessageId="30" Timestamp="10/23 星期一 10:17:31" Debug="false">
    <Text>Meta Package 'Siemens.Simatic.Lang.SiVArcSupport' was deleted</Text>
  </Details>
  <Details ServiceId="80" MessageId="30" Timestamp="10/23 星期一 10:17:31" Debug="false">
    <Text>Meta Package 'Siemens.Simatic.Rse.Model' was deleted</Text>
  </Details>
  <Details ServiceId="80" MessageId="30" Timestamp="10/23 星期一 10:17:31" Debug="false">
    <Text>Meta Package 'Siemens.Simatic.Safety' was deleted</Text>
  </Details>
  <Details ServiceId="80" MessageId="30" Timestamp="10/23 星期一 10:17:31" Debug="false">
    <Text>Meta Package 'Siemens.Simatic.Tech.SMC' was deleted</Text>
  </Details>
  <Details ServiceId="80" MessageId="30" Timestamp="10/23 星期一 10:17:31" Debug="false">
    <Text>Meta Package 'Siemens.TechTrace.Device.Plc.Model' was deleted</Text>
  </Details>
  <Details ServiceId="80" MessageId="30" Timestamp="10/23 星期一 10:17:31" Debug="false">
    <Text>Meta Package 'Siemens.TechTrace.Device.Plc.Model.V14' was deleted</Text>
  </Details>
  <Details ServiceId="80" MessageId="30" Timestamp="10/23 星期一 10:17:31" Debug="false">
    <Text>Meta Package 'Siemens.TechTrace.Editor.Model' was deleted</Text>
  </Details>
  <Details ServiceId="80" MessageId="30" Timestamp="10/23 星期一 10:17:31" Debug="false">
    <Text>Package container 'Siemens.TechTrace.Device.Plc.Model.V14' was deleted</Text>
  </Details>
  <Details ServiceId="80" MessageId="30" Timestamp="10/23 星期一 10:17:31" Debug="false">
    <Text>Package container 'Siemens.Simatic.Lang.ProDiag.Mandatory' was deleted</Text>
  </Details>
  <Details ServiceId="80" MessageId="30" Timestamp="10/23 星期一 10:17:31" Debug="false">
    <Text>Package container 'Siemens.Simatic.AlarmServices.LangConnector.V14.Mandatory' was deleted</Text>
  </Details>
  <Details ServiceId="80" MessageId="30" Timestamp="10/23 星期一 10:17:31" Debug="false">
    <Text>Package container 'Siemens.Simatic.AlarmServices.V14.Mandatory' was deleted</Text>
  </Details>
  <Details ServiceId="80" MessageId="30" Timestamp="10/23 星期一 10:17:31" Debug="false">
    <Text>Package container 'HW.S71200.CP.PROFIBUS.MDD_6GK7242-5DX30-0XE0_1.0_13.0.10' was deleted</Text>
  </Details>
  <Details ServiceId="80" MessageId="30" Timestamp="10/23 星期一 10:17:31" Debug="false">
    <Text>Package container 'HW.S71200.SM.Analog.AI.MDD_6ES7231-4HD32-0XB0_2.0_13.0.10' was deleted</Text>
  </Details>
  <Details ServiceId="80" MessageId="30" Timestamp="10/23 星期一 10:17:31" Debug="false">
    <Text>Package container 'HW.GSD.gsdml-v2.1-bradcontrol-pcuethio_7i_7o-20110107.xml.DEVICE_1.0.0' was deleted</Text>
  </Details>
  <Details ServiceId="80" MessageId="30" Timestamp="10/23 星期一 10:17:31" Debug="false">
    <Text>Package container 'HW.S71200.SM.Digital.DO.MDD_6ES7222-1HF32-0XB0_2.0_13.0.10' was deleted</Text>
  </Details>
  <Details ServiceId="80" MessageId="30" Timestamp="10/23 星期一 10:17:31" Debug="false">
    <Text>Package container 'HW.HMI.Device.BasicPanels.KTP700BasicPlusPN_13.0.10-HmiOnly' was deleted</Text>
  </Details>
  <Details ServiceId="80" MessageId="30" Timestamp="10/23 星期一 10:17:31" Debug="false">
    <Text>Package container 'Siemens.Simatic.Hmi' was deleted</Text>
  </Details>
  <Details ServiceId="80" MessageId="30" Timestamp="10/23 星期一 10:17:31" Debug="false">
    <Text>Package container 'Siemens.Simatic.Iecpl.S7BSW.V13.0.1.0.NonMandatory' was deleted</Text>
  </Details>
  <Details ServiceId="80" MessageId="30" Timestamp="10/23 星期一 10:17:31" Debug="false">
    <Text>Package container 'Siemens.Simatic.Iecpl_V13.0.1' was deleted</Text>
  </Details>
  <Details ServiceId="80" MessageId="30" Timestamp="10/23 星期一 10:17:31" Debug="false">
    <Text>Package container 'Siemens.Simatic.Safety.Model_V12' was deleted</Text>
  </Details>
  <Details ServiceId="80" MessageId="30" Timestamp="10/23 星期一 10:17:31" Debug="false">
    <Text>Package container 'Siemens.Simatic.Safety.Model' was deleted</Text>
  </Details>
  <Details ServiceId="80" MessageId="30" Timestamp="10/23 星期一 10:17:31" Debug="false">
    <Text>Package container 'Siemens.TechTrace.Editor.Model' was deleted</Text>
  </Details>
  <Details ServiceId="80" MessageId="30" Timestamp="10/23 星期一 10:17:31" Debug="false">
    <Text>Package container 'Siemens.TechTrace.Device.Plc.Model' was deleted</Text>
  </Details>
  <Details ServiceId="80" MessageId="30" Timestamp="10/23 星期一 10:17:31" Debug="false">
    <Text>Package container 'Siemens.Simatic.Iecpl_V12' was deleted</Text>
  </Details>
  <Details ServiceId="80" MessageId="30" Timestamp="10/23 星期一 10:17:31" Debug="false">
    <Text>Package container 'Siemens.Simatic.Tech.SMC' was deleted</Text>
  </Details>
  <Details ServiceId="80" MessageId="30" Timestamp="10/23 星期一 10:17:31" Debug="false">
    <Text>Package container 'Siemens.Simatic.Rse' was deleted</Text>
  </Details>
  <Details ServiceId="80" MessageId="30" Timestamp="10/23 星期一 10:17:31" Debug="false">
    <Text>Package container 'HW.S71200.CPU.V4.CPU_1215C.MDD_6ES7215-1AG40-0XB0_4.1_13.0.1' was deleted</Text>
  </Details>
  <Details ServiceId="80" MessageId="30" Timestamp="10/23 星期一 10:17:31" Debug="false">
    <Text>Package container 'Siemens.Automation.DomainModel.OnlineBackup' was deleted</Text>
  </Details>
  <Details ServiceId="80" MessageId="30" Timestamp="10/23 星期一 10:17:32" Debug="false">
    <Text>Package container 'Siemens.Automation.Portal.Model.IPI' was deleted</Text>
  </Details>
  <Details ServiceId="80" MessageId="30" Timestamp="10/23 星期一 10:17:32" Debug="false">
    <Text>Package container 'Siemens.Simatic.Iecpl' was deleted</Text>
  </Details>
  <Details ServiceId="80" MessageId="30" Timestamp="10/23 星期一 10:17:32" Debug="false">
    <Text>Package container 'Siemens.Automation.Portal.Model.V12.0.1.0' was deleted</Text>
  </Details>
  <Details ServiceId="80" MessageId="30" Timestamp="10/23 星期一 10:17:32" Debug="false">
    <Text>Package container 'Siemens.Simatic.Iecpl.S7BSW.V12.0.1.0.Mandatory' was deleted</Text>
  </Details>
  <Details ServiceId="80" MessageId="30" Timestamp="10/23 星期一 10:17:32" Debug="false">
    <Text>Package container 'Siemens.Simatic.Iecpl.S7BSW.V13.0.1.1.Mandatory' was deleted</Text>
  </Details>
  <Details ServiceId="80" MessageId="30" Timestamp="10/23 星期一 10:17:32" Debug="false">
    <Text>Product version 'HW.GSD.gsdml-v2.1-bradcontrol-pcuethio_7i_7o-20110107.xml.DEVICE_1.0.0.Product:11.0.0.0.0' was deleted</Text>
  </Details>
  <Details ServiceId="80" MessageId="30" Timestamp="10/23 星期一 10:17:32" Debug="false">
    <Text>Product version 'Siemens.Simatic.Hmi.Basic:11.00.02.00' was deleted</Text>
  </Details>
  <Details ServiceId="80" MessageId="30" Timestamp="10/23 星期一 10:17:32" Debug="false">
    <Text>Product version 'Siemens.Simatic.Hmi.Basic:13.00.00.00' was deleted</Text>
  </Details>
  <Details ServiceId="80" MessageId="30" Timestamp="10/23 星期一 10:17:32" Debug="false">
    <Text>Product version 'Siemens.Simatic.Hmi.Basic:12.00.01.00' was deleted</Text>
  </Details>
  <Details ServiceId="80" MessageId="30" Timestamp="10/23 星期一 10:17:32" Debug="false">
    <Text>Product version 'Siemens.Simatic.Hmi.Basic:12.00.00.00' was deleted</Text>
  </Details>
  <Details ServiceId="80" MessageId="30" Timestamp="10/23 星期一 10:17:32" Debug="false">
    <Text>Product version 'Siemens.Simatic.Hmi.Basic:11.00.00.00' was deleted</Text>
  </Details>
  <Details ServiceId="80" MessageId="30" Timestamp="10/23 星期一 10:17:32" Debug="false">
    <Text>Product version 'Siemens.Simatic.Hmi.Basic:13.00.01.00' was deleted</Text>
  </Details>
  <Details ServiceId="80" MessageId="30" Timestamp="10/23 星期一 10:17:32" Debug="false">
    <Text>Product version 'Siemens.Simatic.STEP7.Basic:12.00.01.00' was deleted</Text>
  </Details>
  <Details ServiceId="80" MessageId="30" Timestamp="10/23 星期一 10:17:32" Debug="false">
    <Text>Product version 'Siemens.Simatic.STEP7.Basic:12.00.00.00' was deleted</Text>
  </Details>
  <Details ServiceId="80" MessageId="30" Timestamp="10/23 星期一 10:17:32" Debug="false">
    <Text>Product version 'Siemens.Simatic.STEP7.Basic:11.00.00.00' was deleted</Text>
  </Details>
  <Details ServiceId="80" MessageId="30" Timestamp="10/23 星期一 10:17:32" Debug="false">
    <Text>Product version 'Siemens.Simatic.STEP7.Basic:13.00.01.00' was deleted</Text>
  </Details>
  <Details ServiceId="80" MessageId="30" Timestamp="10/23 星期一 10:17:32" Debug="false">
    <Text>Product version 'Siemens.Simatic.Portal:11.00.02.00' was deleted</Text>
  </Details>
  <Details ServiceId="80" MessageId="30" Timestamp="10/23 星期一 10:17:32" Debug="false">
    <Text>Product version 'Siemens.Simatic.Portal:12.00.00.00' was deleted</Text>
  </Details>
  <Details ServiceId="80" MessageId="30" Timestamp="10/23 星期一 10:17:32" Debug="false">
    <Text>Product version 'Siemens.Simatic.Portal:13.00.01.00' was deleted</Text>
  </Details>
  <Details ServiceId="80" MessageId="30" Timestamp="10/23 星期一 10:17:32" Debug="false">
    <Text>Product version 'Siemens.Simatic.Portal:11.00.02.04' was deleted</Text>
  </Details>
  <Details ServiceId="80" MessageId="30" Timestamp="10/23 星期一 10:17:32" Debug="false">
    <Text>Product version 'Siemens.Simatic.Portal:12.00.01.00' was deleted</Text>
  </Details>
  <Details ServiceId="80" MessageId="30" Timestamp="10/23 星期一 10:17:32" Debug="false">
    <Text>Product version 'Siemens.Simatic.Portal:13.00.00.00' was deleted</Text>
  </Details>
  <Details ServiceId="80" MessageId="30" Timestamp="10/23 星期一 10:17:32" Debug="false">
    <Text>Product version 'Siemens.Simatic.Portal:11.00.00.00' was deleted</Text>
  </Details>
  <MessageCell ServiceId="80" MessageId="30" MessageClass="Information" Timestamp="10/23 星期一 10:17:32">
    <Number ServiceNumber="80" MessageNumber="30" />
    <Text FeedbackText="保存已升级的项目/库。" />
    <Help HelpId="-1" />
  </MessageCell>
  <MessageCell ServiceId="80" MessageId="30" MessageClass="Information" Timestamp="10/23 星期一 10:17:32">
    <Number ServiceNumber="80" MessageNumber="30" />
    <Text FeedbackText="保存已升级的项目/库。" />
    <Help HelpId="-1" />
  </MessageCell>
  <MessageCell ServiceId="Automation-ObjectFrame-Feedbacks" MessageId="ConversionInfoTabProjectSucceeded" MessageClass="Success" Timestamp="10/23 星期一 10:17:33">
    <Number ServiceNumber="80" MessageNumber="34" />
    <Text FeedbackText="项目 'F:\项目55555555555555555555555555\3、送粉器 项目\3.5  第5套送粉器\1200送粉器3.0-- 2017.09.29\System\PEData.plf' 已成功升级并另存为项目 'F:\项目55555555555555555555555555\3、送粉器 项目\3.5  第5套送粉器\1200送粉器3.0-- 2017.09.29_V14\System\PEData.plf'。" />
    <Help HelpId="-1" HelpFile="" />
  </MessageCell>
</LogFile>